Nuclide,emission probability,sigma emission probability,half_life,sigma half_life
Ag129,0.08951,1e-12,0.046,0.007
Mg32,0.055,1e-12,0.086,0.005
Zn79,0.013,0.004,0.995,0.019
F25,0.14,1e-12,0.05,0.006
Tc112,0.015,0.002,0.28,0.03
Ru115,0.00037752,1e-12,0.74,0.08
Te142,0.133189935348,1e-12,0.2,0.0
Fe72,0.276,1e-12,1.5e-07,0.0
In127_m1,0.0069,0.0004,3.67,0.04
Cd132,1.001511,1e-12,0.097,0.01
Rb94,0.105,0.004,2.702,0.005
Zr107,0.015282,1e-12,0.15,0.015
Pr158,0.15782,1e-12,0.1342,0.0
Sb134_m1,0.00088,4.000000000000002e-05,10.07,0.05
Kr98,0.12157061014000001,1e-12,0.046,0.008
H4,1.0,1e-12,9.90652e-23,1.93823e-23
Na32,0.4,1e-12,0.0132,0.0004
Ni72,1.3459e-07,1e-12,1.57,0.05
O27,1.0,1e-12,2.6e-07,0.0
Y102_m1,0.049,0.012,0.298,0.009
Ni77,0.5535539934,1e-12,0.061,0.0
V63,0.35,1e-12,0.017,0.003
Nb103,1.177e-08,1e-12,1.5,0.2
C22,1.35,1e-12,0.0062,0.0013
Cs143,0.0164,0.0007,1.791,0.007
Ru118,0.018799,1e-12,0.123,0.0415
Ar50,0.35,1e-12,0.085,0.03
Br91,0.2,0.03,0.541,0.005
In131,0.02,0.003,0.28,0.03
Tc113,0.021,0.003,0.16,0.045
Mn68,0.263358,1e-12,0.028,0.004
K55,0.5,1e-12,0.003,0.0
S43,0.4,1e-12,0.28,0.03
Ru114,3.2567e-10,1e-12,0.52,0.05
In130_m2,0.0165,0.0015,0.54,0.01
Sm165,0.0011126,1e-12,0.764,0.0
Tc110,0.0004,0.0002,0.92,0.03
I140,0.097633000248,1e-12,0.86,0.04
Y98_m1,0.00331,0.00024,2.0,0.2
Y102,0.049,0.012,0.36,0.04
Sr97,0.0002,0.0001,0.429,0.005
Sb139,1.0020363,1e-12,0.127,0.0
Pd125,0.08396,1e-12,0.3987,0.0
Cu77,0.175,0.075,0.469,0.008
Mo112,0.0028334,1e-12,0.287,0.0
Br89,0.138,0.004,4.4,0.03
Kr99,0.11,0.07,0.027,0.02
Rh122,0.076511038,1e-12,0.108,0.0
I137,0.0714,0.0023,24.5,0.2
Cl46,0.6,1e-12,0.232,0.002
Zr108,0.015702,1e-12,0.08,0.008
Rb100,0.3288358,1e-12,0.051,0.008
N18,0.143,1e-12,0.624,0.012
La155,0.54709053158,1e-12,0.184,0.0
In135,1.0976263,1e-12,0.092,0.01
Al34,0.27,1e-12,0.042,0.006
Cu75,0.035,0.006,1.224,0.003
Co74,0.0967478,1e-12,0.03,0.003
Na31,0.37,1e-12,0.017,0.0004
Ge85,0.01410442076,1e-12,0.535,0.047
Sb135,0.22,0.03,1.679,0.015
C20,0.72,1e-12,0.0145,0.0055
Zr105,0.00069656,1e-12,0.6,0.1
Cu74,0.00075,0.00016,1.75,0.06
N25,1.0,1e-12,2.6e-07,0.0
Kr95,0.03644800000000049,1e-12,0.114,0.003
Be13,1.0,1e-12,2.7e-21,1.8e-21
Cu79,0.55,0.17,0.188,0.025
Tc116,0.19637652,1e-12,0.09,0.009
K53,1.01,1e-12,0.03,0.005
Sc56,0.5,1e-12,0.06,0.007
Xe146,0.023771,1e-12,0.369,0.0
N19,0.546,1e-12,0.271,0.008
Ce155,0.0011483,1e-12,0.471,0.0
Ag125,0.031585,1e-12,0.166,0.007
Rh118,0.031,0.014,0.266,0.0215
Cu80,0.6411279999999999,1e-12,0.17,0.0
Ca53,0.3,1e-12,0.09,0.015
In132,0.051556035804,1e-12,0.207,0.006
P43,1.0,1e-12,0.0365,0.0015
Rh120,0.022411,1e-12,0.136,0.0135
F30,1.0,1e-12,2.6e-07,0.0
B15,0.9440000000000001,1e-12,0.00993,7e-05
Rh121,0.10581,1e-12,0.151,0.0625
Rb99,0.2768831906,1e-12,0.054,0.004
Ne28,0.191,1e-12,0.0189,0.0004
He9,1.0,1e-12,7e-21,4e-21
I139,0.1,0.003,2.28,0.011
P44,0.5,1e-12,0.0185,0.0025
F27,0.77,1e-12,0.005,0.0002
Mn64,0.33,1e-12,0.09,0.004
Te136,0.0131,0.0005,17.5,0.2
Sr98,0.0025,0.0005,0.653,0.002
Sn134,0.17,0.13,1.05,0.011
Y104,0.050501378,1e-12,0.18,0.06
Ba151,0.033412,1e-12,0.259,0.0
H5,1.0,1e-12,7.99473e-23,2.94542e-23
Ce156,0.006279,1e-12,0.369,0.0
Y97,0.00055,4.000000000000002e-05,3.75,0.03
Nd159,0.00034508,1e-12,0.773,0.0
Ga85,1.0077072053365,1e-12,0.048,0.0
Sr100,0.0078,0.0013,0.202,0.003
Cd128,0.0098411,1e-12,0.28,0.04
O24,0.58,1e-12,0.065,0.005
Co71,0.0261,1e-12,0.079,0.005
Pm162,0.0064282,1e-12,0.2679,0.0
Ga84,0.16827,1e-12,0.085,0.01
Zn81,0.075,0.03,0.32,0.05
Pd126,0.0095533,1e-12,0.2499,0.0
Tc117,0.28933443000000003,1e-12,0.04,0.004
Nb111,0.948573034,1e-12,0.08,0.008
Sr96,1.0158e-06,1e-12,1.07,0.01
Rh119,0.064,0.016,0.171,0.018
As88,0.4117827,1e-12,0.112,0.0
Se89,0.078,0.025,0.41,0.04
P38,0.12,1e-12,0.64,0.14
As91,1.014177199,1e-12,0.044,0.0
Ne34,0.5,1e-12,6e-08,0.0
N22,0.62,1e-12,0.024,0.005
Li9,0.495,0.05,0.1783,0.0004
F31,0.5,1e-12,2.5e-07,0.0
Ne27,0.02,1e-12,0.032,0.002
Cs150,0.8444492,1e-12,0.05,0.0
Mg35,0.52,1e-12,0.07,0.04
Al33,0.085,1e-12,0.0417,0.0002
In133,0.9993021200000001,1e-12,0.165,0.003
Ga79,0.00089,0.00019,2.847,0.003
Ne29,0.36000000000000004,1e-12,0.0148,0.0003
Ba147,0.0006,0.0005,0.894,0.01
Si38,0.5,1e-12,1e-06,0.0
Sr99,0.001,0.00019,0.27,0.01
Cd129,0.0025427,1e-12,0.27,0.04
I145,0.57048138,1e-12,0.127,0.0
Ag122_m1,0.0005506,1e-12,0.2,0.05
K48,0.0114,1e-12,6.8,0.2
Zr103,6.3816e-08,1e-12,1.3,0.1
Ca57,0.5,1e-12,0.005,0.0005
La154,0.195843784,1e-12,0.228,0.0
Al39,0.5,1e-12,7.6e-06,1.6e-06
Cd127,0.00055464,1e-12,0.37,0.07
I141,0.212,0.03,0.43,0.02
Sr104,0.083926030984,1e-12,0.043,0.0
In133_m1,1.00035078,1e-12,0.18,0.015
Na30,0.323,1e-12,0.048,0.002
Ag130,0.810286,1e-12,0.05,0.005
Xe144,0.0074592,1e-12,1.15,0.2
Cs141,0.00035,3.0000000000000018e-05,24.84,0.17
Al42,0.5,1e-12,1.7e-07,0.0
Si40,0.5,1e-12,0.033,0.001
Al35,0.41,1e-12,0.0386,0.0004
F29,1.0,1e-12,0.0025,0.0004
Cl45,0.24,1e-12,0.413,0.025
P42,0.5,1e-12,0.0485,0.0015
Ag127,0.050591,1e-12,0.109,0.025
Se90,0.0082594,1e-12,0.161,0.0
Ag120,7.4466e-10,1e-12,1.23,0.04
La150,0.027,0.003,0.86,0.05
Sr102,0.055,0.015,0.069,0.006
Nb110,0.19617178,1e-12,0.17,0.02
He7,1.0,1e-12,3.038e-21,4.05066e-22
C17,0.32,1e-12,0.193,0.013
Ar49,0.65,1e-12,0.17,0.05
Rb101,0.32368186,1e-12,0.032,0.005
Al36,0.31,1e-12,0.09,0.04
Xe142,0.0021,0.0006,1.23,0.02
Ag128,0.06100289844,1e-12,0.058,0.005
Cs142,0.0009,4.000000000000002e-05,1.684,0.014
Sn133,0.000294,2.4000000000000024e-05,1.46,0.03
Y106,0.2445488,1e-12,0.066,0.0
Cs144,0.0303,0.0013,0.994,0.006
Si44,0.5,1e-12,3.6e-07,0.0
Br94,0.8916270000000001,1e-12,0.07,0.02
I144,0.3703069,1e-12,0.194,0.0
V57,0.0004,1e-12,0.35,0.01
In131_m2,0.0013348,1e-12,0.32,0.06
P39,0.26,1e-12,0.28,0.04
Si43,0.5,1e-12,6e-08,0.0
N17,0.951,0.007,4.171,0.003
In130,0.0093,0.0013,0.29,0.02
Mg38,0.5,1e-12,2.6e-07,0.0
Y98,0.00331,0.00024,0.548,0.002
C19,0.61,1e-12,0.049,0.004
Sn135,1.015048,1e-12,0.53,0.02
Na33,0.73,1e-12,0.008,0.0003
Rh123,0.13358000187596,1e-12,0.0489,0.0
Mg33,0.17,1e-12,0.0905,0.0016
He10,1.0,1e-12,1.519e-21,1.01266e-21
N24,1.0,1e-12,5.2e-08,0.0
Cu81,1.05038417702,1e-12,0.028,0.0
Rb96,0.133,0.007,0.203,0.003
As84,0.0018,0.001,4.2,0.5
Ni73,0.0056773,1e-12,0.84,0.03
Ne26,0.0013,1e-12,0.197,0.001
Rb92,0.000107,5.0000000000001e-06,4.492,0.02
La151,0.055279,1e-12,0.778,0.0
In131_m1,0.02,0.003,0.35,0.05
P41,0.3,1e-12,0.1,0.005
Pm160,0.0018985,1e-12,1.561,0.0
Ge84,0.102,0.009,0.954,0.014
Sn136,1.00051958,1e-12,0.25,0.03
Cd131,0.6817900015491,1e-12,0.068,0.003
La152,0.078337,1e-12,0.451,0.0
Mg31,0.017,1e-12,0.232,0.015
Sb137,1.0002865,1e-12,0.45,0.05
K50,0.29,1e-12,0.472,0.004
Ba150,0.01,0.005,0.3,0.0
La153,0.53655,1e-12,0.342,0.0
Pd124,0.0012879,1e-12,0.038,0.0285
Si36,0.1,1e-12,0.45,0.06
Br88,0.0658,0.0018,16.29,0.06
In129_m1,0.025,0.005,1.23,0.03
Zn83,0.0868375,1e-12,0.043,0.0
Te137,0.0299,0.0016,2.49,0.05
O26,1.0,1e-12,4e-08,0.0
I138,0.0556,0.0022,6.23,0.03
Y107,0.35347412,1e-12,0.03,0.003
Cs148,0.21879252000000002,1e-12,0.146,0.006
Nb109,0.31,0.05,0.19,0.03
Ga83,0.74327020958,1e-12,0.3081,0.001
K49,0.86,1e-12,1.26,0.05
Te141,0.04030956,1e-12,0.213,0.0
La147,0.00041,4.000000000000002e-05,4.06,0.04
Eu165,0.0027536,1e-12,2.3,0.2
Al38,0.5,1e-12,0.0076,0.0006
Tl210,8.5e-05,5.500000000000001e-05,78.0,1.8
As89,1.00075834,1e-12,0.059,0.0
Sr101,0.0237,0.0014,0.118,0.003
Sr105,0.1897806,1e-12,0.0556,0.0
Pm161,0.0029297,1e-12,1.065,0.0
Cu73,0.00029,6.000000000000001e-05,4.2,0.3
Zn82,0.34116991282040005,1e-12,0.052,0.0
H6,1.0,1e-12,2.84812e-22,7.12031e-23
V65,0.5,1e-12,0.01,0.001
Sb136,0.487063,1e-12,0.923,0.014
Cs145,0.147,0.009,0.587,0.005
Ge89,0.2423608014328,1e-12,0.039,0.0
Kr93,0.0195,0.0011,1.286,0.01
Pd122,0.00068374,1e-12,0.175,0.016
Br95,1.0029233000034992,1e-12,0.066,0.0
K51,0.47,1e-12,0.365,0.005
Nd161,0.0074357,1e-12,0.4884,0.0
Pr159,0.25197,1e-12,0.1055,0.0
Ce153,8.3773e-05,1e-12,0.979,0.0
N20,0.57,1e-12,0.13,0.007
Ba152,0.050146,1e-12,0.228,0.0
Ce154,0.0001431,1e-12,0.775,0.0
Rb93,0.0139,0.0007,5.84,0.02
Nb112,0.7723163,1e-12,0.069,0.0
Ne33,1.0,1e-12,1.8e-07,0.0
Ga80,0.0086,0.0007,1.676,0.014
Pr155,0.0019939,1e-12,0.852,0.0
Nb106,0.045,0.003,0.93,0.04
Rh116,0.0011298,1e-12,0.68,0.06
Sb134,0.029458,1e-12,0.78,0.06
I143,0.924674344,1e-12,0.296,0.0
C18,0.315,1e-12,0.092,0.002
Mg40,0.5,1e-12,1.7e-07,0.0
As86,0.1248662982,1e-12,0.945,0.008
Tc111,0.0085,0.002,0.29,0.02
O28,1.0,1e-12,1e-07,0.0
Kr96,0.037,0.004,0.08,0.006
Ga82,0.1093500027936,1e-12,0.599,0.002
Ni76,0.24159,1e-12,0.238,0.0165
Ca52,0.02,1e-12,4.6,0.3
Ni78,0.33498,1e-12,0.11,0.08
Mn65,0.0692,1e-12,0.092,0.001
Pr153,1.1616e-05,1e-12,4.28,0.11
P40,0.158,1e-12,0.125,0.025
Ru120,0.04461,1e-12,0.149,0.0
Nb105,0.017,0.009,2.95,0.06
Ge83,0.0011325,1e-12,1.85,0.06
Ag126,0.032894,1e-12,0.107,0.012
Te140,0.023281,1e-12,0.304,0.0
Kr94,0.0111,0.0007,0.212,0.005
Br90,0.252,0.009,1.92,0.02
Nb104_m1,0.0005,0.0003,0.94,0.04
Rb95,0.087,0.003,0.3777,0.0008
F24,0.059,1e-12,0.39,0.07
Mn66,0.1088,1e-12,0.064,0.002
I142,0.5251804,1e-12,0.222,0.012
Na37,0.5,1e-12,6e-08,0.0
Sc59,0.5,1e-12,0.01,0.001
Se93,0.3268514,1e-12,0.062,0.0
Mo114,0.0346,1e-12,0.08,0.008
Rh115,0.00020937,1e-12,0.99,0.05
Pr156,0.0094797,1e-12,0.733,0.0
Nb113,0.8960826,1e-12,0.03,0.003
As90,0.4310759911351,1e-12,0.043,0.0
Br97,1.0489421500000002,1e-12,0.04,0.0
Rb91,2.0319e-07,1e-12,58.4,0.4
Br92,0.135615636,1e-12,0.343,0.015
Te139,0.020384,1e-12,0.347,0.0
Co73,0.0532090042,1e-12,0.041,0.004
Cs147,0.285,0.017,0.23,0.001
In134,1.46104030371,1e-12,0.14,0.004
Te138,0.063,0.021,1.4,0.4
Sn137,1.033148,1e-12,0.19,0.06
Rh117,0.0046843,1e-12,0.44,0.04
C21,1.0,1e-12,3e-08,0.0
K52,0.73,1e-12,0.105,0.005
Be16,2.0,1e-12,2e-07,0.0
Ar53,0.5,1e-12,0.003,0.0003
Ga81,0.119,0.007,1.217,0.005
Nb108,0.062,0.005,0.193,0.017
O22,0.22,1e-12,2.25,0.09
Kr92,0.000332,2.500000000000002e-05,1.84,0.008
Cs149,0.68845031956,1e-12,0.05,0.0
S45,0.54,1e-12,0.068,0.002
Mo111,0.00056204,1e-12,0.2,0.02
As85,0.594,0.024,2.021,0.01
Ge88,0.04854903,1e-12,0.066,0.0
Na27,0.0013,1e-12,0.301,0.006
Pr157,0.054289,1e-12,0.598,0.0
Na29,0.215,1e-12,0.0449,0.0012
Cs151,0.8597324,1e-12,0.05,0.0
Mo115,0.052458034,1e-12,0.092,0.0
In130_m1,0.0165,0.0015,0.54,0.01
Y97_m1,0.00055,4.000000000000002e-05,1.17,0.03
Pm159,2.207e-06,1e-12,1.47,0.15
Ba149,0.0043,0.0012,0.344,0.007
B16,1.0,1e-12,1.9e-10,0.0
Mo109,1.7231e-11,1e-12,0.53,0.06
Zr106,0.0052465,1e-12,0.27,0.0
Se87,0.002,0.0004,5.5,0.12
Kr100,0.13789384,1e-12,0.007,0.007
In129,0.0025,0.0005,0.61,0.01
Ni75,0.11859,1e-12,0.6,0.2
As87,0.3967200000127004,1e-12,0.56,0.08
Rb98,0.13902,0.006001633111079018,0.114,0.005
Zn80,0.01,0.005,0.54,0.02
Ru117,0.0053431,1e-12,0.142,0.0175
Pr154,0.001453,1e-12,2.3,0.1
Ti63,0.5,1e-12,0.003,0.0003
Se94,0.2874039,1e-12,0.059,0.0
He8,0.16,0.01,0.1191,0.0012
Y105,0.09939077274,1e-12,0.088,0.0
Pd123,0.0090211,1e-12,0.244,0.0
Sb138,0.20971130000000002,1e-12,0.168,0.0
Br87,0.026,0.0004,55.65,0.13
S44,0.18,1e-12,0.1,0.001
Ru119,0.025793,1e-12,0.162,0.0
Sr103,0.0236211276,1e-12,0.068,0.0
Pd121,6.9932e-05,1e-12,0.285,0.024
Cs146,0.142,0.005,0.321,0.002
Cd130,0.035,0.01,0.162,0.007
Ag124,0.013,0.009,0.172,0.005
Be15,1.0,1e-12,2e-07,0.0
B18,1.0,1e-12,2.6e-08,0.0
C16,0.99,1e-12,0.747,0.008
Zr104,8.077e-05,1e-12,1.2,0.3
Zr110,0.06954199162171999,1e-12,0.098,0.0
F26,0.11,1e-12,0.0096,0.0008
Tc118,0.24939289999999997,1e-12,0.066,0.0
Mo113,0.048677,1e-12,0.1,0.01
Se91,0.012519766,1e-12,0.27,0.05
Kr97,0.07382852399999999,1e-12,0.063,0.004
Y101,0.0194,0.0018,0.45,0.02
Y99,0.017,0.004,1.47,0.007
Ni74,0.014063,1e-12,0.68,0.18
B19,1.04,1e-12,0.00292,0.00013
Si37,0.17,1e-12,0.09,0.06
Ga86,0.816022248,1e-12,0.029,0.0
Rb102,0.2416290000018223,1e-12,0.037,0.003
Xe147,0.08,1e-12,0.1,0.075
O25,1.0,1e-12,5e-08,0.0
Nb104,0.0006,0.0003,4.9,0.3
Al40,0.5,1e-12,2.6e-07,0.0
Zr109,0.0557775262,1e-12,0.117,0.0
As92,1.3061177000194562,1e-12,0.027,0.0
N21,0.81,1e-12,0.085,0.007
Ba153,0.033644054552,1e-12,0.158,0.0
Ge87,0.04198746,1e-12,0.14,0.014
Rb97,0.255,0.009,0.1691,0.0006
Ce157,0.017793,1e-12,0.2428,0.0
Na34,0.15,1e-12,0.0055,0.001
Se88,0.0067,0.003,1.53,0.06
Cu76,0.03,0.02,0.653,0.024
S49,1.0,1e-12,2e-07,0.0
Li10,1.0,1e-12,2e-21,0.0
Si39,0.5,1e-12,0.0475,0.002
Y108,0.5386770000000001,1e-12,0.048,0.0
La148,0.0015,0.0003,1.26,0.08
Nd160,0.00062951,1e-12,0.5883,0.0
Xe145,0.029567000000003403,1e-12,0.188,0.004
La149,0.0143,0.0028,1.05,0.03
Ag122,0.00186,0.0001,0.529,0.013
Tc114,0.13166001776,1e-12,0.15,0.03
Br93,0.2662131742,1e-12,0.102,0.01
Ag123,0.0055,0.0007,0.3,0.005
Mg39,1.0,1e-12,1.8e-07,0.0
Y100,0.0092,0.0008,0.735,0.007
Cl44,0.08,1e-12,0.56,0.11
In128,0.00038,3.0000000000000018e-05,0.84,0.06
O23,0.31,1e-12,0.0905,0.0365
Se92,0.01948014296,1e-12,0.093,0.0
Ba148,0.004,0.003,0.612,0.017
Xe141,0.00044,5.000000000000001e-05,1.73,0.01
Li12,1.0,1e-12,1e-08,0.0
Tc109,0.0008,0.0002,0.86,0.04
Sm164,3.8311e-12,1e-12,1.226,0.0
Co72,0.05821119,1e-12,0.0599,0.0017
H7,2.0,1e-12,2.3e-23,6e-25
Y103,0.08,0.03,0.23,0.02
Ne30,0.308,1e-12,0.0073,0.0003
Br96,0.6384438131,1e-12,0.042,0.0
Cu78,0.37080660000000004,1e-12,0.335,0.011
Nb107,0.06,0.015,0.3,0.009
Xe143,0.0052494,1e-12,0.3,0.03
Ru116,0.0020976,1e-12,0.204,0.0305
Be14,0.91,1e-12,0.00435,0.00017
In128_m1,0.00044109,1e-12,0.72,0.01
B17,0.971,1e-12,0.00508,5e-05
Ge86,0.051965,1e-12,0.095,0.0
Tc115,0.19831,1e-12,0.073,0.027
Co75,0.07251215,1e-12,0.034,0.0
